TICKER,Macro_Sector,Alpha,Beta_MktRF,Beta_SMB,Beta_HML,Beta_Overall_ESG_Exposure,Beta_Overall_ESG_Sentiment,T_Alpha,T_Beta_MktRF,T_Beta_SMB,T_Beta_HML,T_Beta_Overall_ESG_Exposure,T_Beta_Overall_ESG_Sentiment,P_Alpha,P_Beta_MktRF,P_Beta_SMB,P_Beta_HML,P_Beta_Overall_ESG_Exposure,P_Beta_Overall_ESG_Sentiment,Beta_MktRF_Significant,Beta_SMB_Significant,Beta_HML_Significant,Beta_Overall_ESG_Exposure_Significant,Beta_Overall_ESG_Sentiment_Significant,Alpha_Significant,Adj_R_squared,R_squared,Num_Obs
KO,Industrials,0.007939519295389727,0.6275471164725953,-0.5836334822831606,0.41951521743419934,0.04225200748389754,-0.09621119536769866,0.20906027827622878,5.279789142750743,-3.5329141358974736,3.548236355577638,0.886803497085858,-0.6562579531285393,0.8344011828405238,1.2933263506621745e-07,0.0004110059363267882,0.00038782003780084886,0.37518470450719876,0.5116581663556377,True,True,True,False,False,False,0.41776250772884904,0.4599536303571933,70
CDNS,Consumer,0.09380470017454472,1.1324617702547226,-0.13417806713942682,-0.7790225876591492,-3.1741887774044044,-0.14936260227950293,2.392480247028077,8.919626133879147,-0.6524992048232207,-6.079001341389767,-2.0485820232996486,-1.0461780463191903,0.016734928876772776,4.678649370500167e-19,0.514079185663064,1.2093334790544852e-09,0.0405030039642856,0.29547883683210563,True,False,True,True,False,True,0.6025323918248785,0.6313343924172786,70
XRAY,Industrials,-0.04316992113515176,0.7916212598980776,0.24501136730706885,0.3725185342620395,1.6711600702774787,-0.05989492855450829,-0.6809406823790761,6.401653938580871,0.74607462687063,1.8599745146957818,1.1403074614199442,-0.513652466654703,0.4959090247155784,1.537027346950409e-10,0.4556223357248127,0.06288913172786134,0.2541582303558867,0.6074949904528008,True,False,False,False,False,False,0.2894325557527928,0.34092295026346,70
CHTR,Industrials,-0.013505401873405785,0.9297221233307165,0.21586859105769604,0.3325050409522226,3.3068105676135553,-0.10931614521586096,-0.16947533660127284,4.532142917048073,0.48843682140685674,1.2786564218400387,1.5871959040523549,-0.6477075177343771,0.8654227702820092,5.838832318516176e-06,0.6252404659689184,0.2010180718566591,0.1124682821610606,0.5171741409676212,True,False,False,False,False,False,0.2762744443573788,0.32871832520104705,70
GM,Industrials,0.022757669625789675,1.276757688400653,0.6303363202226464,0.4697214012886818,-0.678238405217582,0.18908397650361475,0.2328299874505397,7.791777654240204,1.8145565771827699,3.3483113610073207,-0.9469257732657472,1.3009604521831473,0.8158934261349458,6.607293020012685e-15,0.06959208069417472,0.0008130561016933248,0.343676603685412,0.19327199196631206,True,False,True,False,False,False,0.531366632803165,0.5653255724551096,70
HII,Industrials,0.02260712636626486,0.5310539641691224,0.3205393846875089,0.4902436841818468,-0.18767956789922474,-0.03128028109603108,0.6183550234971287,2.8532552545350303,1.169574681014324,2.9107668607143493,-0.4846458874254551,-0.40437926728830315,0.5363413386659865,0.0043273846993249045,0.24217217131030444,0.0036054293210621992,0.6279275574298169,0.6859338437405962,True,False,True,False,False,False,0.2046975792646617,0.2623281894628746,70
XYL,Industrials,0.004341863642956479,1.091093210881433,-0.21898574451181135,0.18617735747782566,0.09436167922912471,-0.15457457430556582,0.10587820362173789,10.361000703802741,-1.1160777254312806,1.0492079426518124,0.18329236908192434,-0.6217320121049571,0.9156789878371053,3.730385726707315e-25,0.2643888658142417,0.2940824238617298,0.8545686215628401,0.5341180983337138,True,False,False,False,False,False,0.5043500067892299,0.5402666729639234,70
APTV,Industrials,-0.04781438637734012,1.637784572768857,0.7781975184562433,0.14725891037503896,0.1094022114750521,0.10438041321598522,-1.6561108466896082,6.873853706298319,2.903665150255066,0.9393090774614843,1.1928004397648455,1.1303903852581598,0.0976993731687922,6.249029466502869e-12,0.003688223917546648,0.3475720793563122,0.23294753784005606,0.25831176369460296,True,True,False,False,False,False,0.5917228676569838,0.6213081671021299,70
ABBV,Industrials,0.029115676727925453,0.5288563726054206,-0.011693060453775064,0.32842299360401933,0.8475578101410974,-0.07402572076234705,0.9478190997468874,3.326681574373774,-0.04851147642394108,1.8958569172153816,0.45464127622358497,-1.3361429575061916,0.34322155541976807,0.0008788674043943186,0.9613086183476787,0.05797896717699096,0.6493673345249462,0.1815025514245442,True,False,False,False,False,False,0.1610115416904393,0.22180780678533496,70
NCLH,Industrials,-0.032411369218936184,2.1539658202921905,1.0680030274385812,0.9118358189711327,1.137094276346086,-0.17829748885494148,-1.0813906737792633,6.091817051260799,2.1104178115618066,2.7033651180889553,1.6060825690445897,-0.8888648555953769,0.2795233684334929,1.11636223303191e-09,0.03482238360468843,0.006864130040827007,0.108255769235041,0.3740757151810019,True,True,True,False,False,False,0.5296914576054108,0.563771786764439,70
ZTS,Industrials,0.041409095484604315,0.7887245242115152,0.0821075997933028,-0.2848814182431176,0.0847891759675714,-0.10100063287999257,1.2677082497120418,7.562706480368758,0.28451634894440386,-1.7169794658470543,0.2091524695584772,-2.326656290344124,0.20490215762258213,3.9476774925628686e-14,0.776014706868928,0.0859829239224548,0.8343292155669,0.01998356598618744,True,False,False,False,True,False,0.4003505794598672,0.44380343602074634,70
PEP,Industrials,0.026034850362767446,0.5641939278236486,-0.45313207399194566,0.2449294587390184,0.35927092091944235,-0.28833165752369627,1.3161526984785779,5.639963860170951,-2.352994315619497,2.4770949773057604,1.6609448111624343,-3.442377847159665,0.1881227962668126,1.7008585899346162e-08,0.018622918776513363,0.013245664901907156,0.096724531288247,0.0005766242193117756,True,True,True,False,True,False,0.3811664308510311,0.42600944310820277,70
IQV,Consumer,-0.3206852863014266,1.3313478160093892,0.299595888016788,-0.003919506009386623,8.79856736478797,0.5343895652703722,-1.24913453572134,7.232350302007892,1.0024286055423446,-0.03150861849992216,1.0715716281173373,1.334465917257021,0.2116158708854584,4.747057895750955e-13,0.31613663214975785,0.9748639189898654,0.28391248243919276,0.18205120955322018,True,False,False,False,False,False,0.5783533323067336,0.6089074386613181,70
SLB,Energy & Utilities,-0.033061031379794194,1.4763660275740456,0.27697945925692286,1.71239225522227,-0.019063252755280848,0.13752592068870323,-0.6012493558126961,7.224483615210105,0.7884445204849752,5.905546165374316,-0.1032159949819961,0.7913832159277712,0.5476739155257161,5.030095034341199e-13,0.43043673812533767,3.5148033967304794e-09,0.9177915455535185,0.42872040122890576,True,False,True,False,False,False,0.6740251392676266,0.6976465059873638,70
HLT,Consumer,0.021042564564215074,1.1907927404159817,0.017198317311439212,0.4003792195564923,-0.47229456538692094,0.05842499519938127,0.9048249916994592,9.960540223823385,0.08740971511545836,2.9778270886206526,-0.7890568685790003,1.0424224145238932,0.3655581094672389,2.268267904767962e-23,0.9303458473922223,0.0029029970728262195,0.43007876936738865,0.29721587896035573,True,False,True,False,False,False,0.5553023343247181,0.5875268028519125,70
ANET,Industrials,0.05810815811205454,1.2563402849254548,-0.6760676344107398,-0.48409039563996226,-3.561758097897598,0.023091518514898685,1.9201441002883521,6.9467212044839135,-1.7136908400227466,-1.9880520742622214,-2.579652907856881,0.15501057527683643,0.05483970016803947,3.738735131320843e-12,0.08658552008174963,0.04680593101978456,0.009889966344863152,0.8768129802155388,True,False,True,True,False,False,0.3090784601308145,0.3591452383822048,70
LW,Industrials,-0.048161084815990095,0.7149740880137724,0.18706547467514806,0.25893073970676017,0.47189840785183984,0.04147419613748416,-0.5505584541800255,2.886141954503319,0.3729221457075822,1.0758272228474373,0.42648088530052464,0.4880002570655227,0.5819363955567234,0.0038999621028901962,0.7092063891578678,0.2820045349355136,0.6697574734783796,0.6255496589875118,True,False,False,False,False,False,0.13345330628153107,0.1962465449567824,70
ABT,Industrials,0.006665575347464158,0.7377713423784058,-0.2661804943885896,0.049886007710163875,1.5505622491470499,-0.10338723500470827,0.14298732215248747,6.4934592378826075,-1.2527028789849761,0.3707515567328528,1.9084015489453938,-0.9266976988191751,0.8863001937623356,8.38874713194478e-11,0.21031385784809964,0.7108225859077876,0.056339336814404825,0.35408351265828975,True,False,False,False,False,False,0.38201820996809177,0.4267994991008387,70
EXC,Energy & Utilities,-0.008933424163800587,0.5588264361502113,-0.45708285562212814,0.46377962117427923,0.11294381046493515,-0.11247970326596614,-0.19625144037974904,4.810653626402475,-2.0375585937013727,4.3021083794855075,0.8568590735552969,-0.863061999057935,0.8444133671944789,1.5043752292883137e-06,0.04159409652854761,1.6918051790295515e-05,0.391522773457159,0.3881033799310505,True,True,True,False,False,False,0.26032253872294076,0.3139223547575103,70
JNJ,Industrials,-0.003412250320285424,0.554813576236105,-0.24695881182354887,0.2081657506426389,2.0548051681585244,-0.10243343900113554,-0.27793138147847246,5.338948909879712,-1.3175148668176966,1.9712838069686465,1.3926490568050354,-2.055141236130763,0.7810650336326028,9.348698164333511e-08,0.18766610108294934,0.04869142249523128,0.16372594065465218,0.03986536501836223,True,False,True,False,True,False,0.3070533930544207,0.35726691529685395,70
PPG,Industrials,-0.031963261972164,1.2146216760746638,-0.23308667652863713,0.36771321646127975,0.3354836555534077,-0.0910351699617969,-0.16491771818270026,10.36623082537249,-1.0274193586855356,2.840220551791712,0.7861821692104379,-0.2806519873261789,0.8690087462628808,3.5318188589017086e-25,0.30422303974848386,0.004508235270049574,0.431760770718256,0.7789773376981526,True,False,True,False,False,False,0.6067302309714812,0.6352280403213738,70
PPL,Energy & Utilities,-0.010966327215041694,0.8051579438832235,-0.3412202235731848,0.48655633526055514,0.149384073515399,-0.12377223026869719,-0.49066476970645817,8.722877650733892,-1.9422836285694793,5.908929717956197,1.1481116294262306,-1.1282374646396085,0.6236635679843466,2.712192848181954e-18,0.05210277382528147,3.443375620216501e-09,0.25092248391344474,0.25921964564222655,True,False,True,False,False,False,0.4643896535105795,0.5032019974590882,70
FE,Energy & Utilities,0.006563579853124781,0.47547509393536425,-0.05229237509644995,0.19014616855296126,-0.45383331108311104,0.32008340582632633,0.20908947012090828,2.902642526517539,-0.16760334118886708,1.5030298580831278,-1.2825910073317428,1.4760315813074594,0.834378394662944,0.0037002874223342943,0.866895342498097,0.13283134463247603,0.1996354023599609,0.1399354143316986,True,False,False,False,False,False,0.1649823255607913,0.22549085269406732,70
WEC,Energy & Utilities,-0.008489563155478306,0.46005696745504154,-0.6287696987134788,0.31199438338881413,0.02076874176294734,-0.048370116121282114,-0.34114215671011994,3.7182829782653872,-2.575553397421918,2.944518412106141,0.5905318456650849,-0.4997926487290745,0.7329965662096255,0.00020058150740142813,0.010007981899270612,0.0032345770014589985,0.5548341420866536,0.6172210874055408,True,True,True,False,False,False,0.160734441123618,0.22155078596973266,70
PEG,Energy & Utilities,0.010891753767584837,0.5989898629786464,-0.3779626972152266,0.28483321429890807,-0.03773036084439037,0.02009509498930026,0.6872653481623434,3.941691987152835,-1.9210518457890498,3.2967494352378277,-0.8092201703237427,0.41564648496358053,0.4919155309208605,8.09088352255162e-05,0.05472517157572178,0.0009781071871776557,0.4183885148700832,0.6776687060845981,True,False,True,False,False,False,0.23658678247846776,0.2919065808495933,70
EVRG,Energy & Utilities,0.003555901936612652,0.5570613872118535,-0.20781181128159776,0.2902674069825433,0.05692821263288647,-0.10008746518621678,0.10146375778594903,3.4939706209977777,-0.8751731786385119,2.495029356932964,0.7808561745243183,-0.8135715890731631,0.9191823261432122,0.0004758933854084367,0.38147968461595594,0.012594670968743317,0.43488709053173513,0.4158904192684487,True,False,True,False,False,False,0.19056746217861353,0.24922199390480093,70
AEP,Energy & Utilities,0.0031916979670509396,0.5707448371126498,-0.41452720981514213,0.2924152727135494,-0.38421901359870864,0.3619223963306185,0.0788743143794413,3.565297043432075,-1.606166018587197,3.005611562999424,-0.9981268271418808,1.3181734718025189,0.9371325937327976,0.0003634443215824043,0.10823743750953073,0.002650473460269528,0.3182178628708804,0.1874455838221465,True,False,True,False,False,False,0.20680885104153157,0.26428647053127563,70
PNW,Energy & Utilities,-0.10461494872524854,0.5414878733198989,-0.4163279217176799,0.4825509414327384,0.14011010349828473,0.30705705249517523,-1.6939848206716133,3.539090869941846,-1.4283775266890344,3.780666075068014,1.3761399949603288,1.3948040409556135,0.0902681675063062,0.0004015076155527303,0.15318322409615207,0.0001564093433922295,0.16877829522835508,0.16307494001095768,True,False,True,False,False,False,0.1653608768231576,0.22584197270553752,70
OMC,Consumer,0.005093034923509242,0.8892676434917194,0.23345530065299575,0.5683217627750314,0.3188502903917049,-0.0821971551640581,0.2071645839503369,5.3882110463666075,1.28752364636322,4.497663998844207,0.49731273450945723,-0.6963772823867453,0.835881325215455,7.116245966221504e-08,0.1979118331093298,6.870416132985912e-06,0.618968532949443,0.48619258619542916,True,False,True,False,False,False,0.48805626394927515,0.5251536361268639,70
WMB,Energy & Utilities,-0.41641047073638865,1.1008154407772437,-0.36814329210160773,0.8172565264423752,1.023983881498045,0.39119534437575715,-1.8508651820057618,6.170371663125131,-1.7249755388738075,5.9519071549676745,1.73964976786351,2.052647447144417,0.06418895088384995,6.812965530627153e-10,0.08453188087448653,2.6503572083567e-09,0.08192053470949923,0.04010678232821045,True,False,True,False,True,False,0.5269657271011994,0.5612435729634313,70
NI,Energy & Utilities,-0.002032294413649565,0.49595582986116205,-0.4655889662000513,0.5160767079689129,-0.06338306545295991,0.07677702605192344,-0.09311789236457317,4.337081692674853,-2.315789558701176,6.42146280862082,-0.8411515910387664,1.346351255669275,0.9258099031433669,1.4438697086854965e-05,0.020569761610023666,1.3497099175680867e-10,0.4002630160184426,0.17818926308975258,True,True,True,False,False,False,0.30703709151135683,0.3572517950250266,70
CMI,Industrials,0.06409246261746711,0.9880199665387589,0.1320937993127586,0.5309407488844069,-0.3811376375662255,-0.39948847252860203,2.0360623114151255,7.7760635984386495,0.8522430928357907,3.918048090433623,-1.7618969512392544,-3.551926974860632,0.04174409863934786,7.481610440636895e-15,0.39407918359202987,8.92688992896467e-05,0.07808670983095478,0.0003824209777817855,True,False,True,False,True,True,0.5810645416626465,0.6114221835711504,70
SWK,Industrials,-0.04118442710310699,1.0628943413126848,0.4511442298649409,0.7169356233028367,-0.005579005036979265,0.16444732052364172,-3.694342734925743,6.747399153098037,1.0731718108750607,4.7623948209374225,-0.051700915779416545,2.26649160014249,0.00022045628419055418,1.5051878333829122e-11,0.28319403594336945,1.913089156483385e-06,0.9587670075309531,0.023421300875151894,True,False,True,False,True,True,0.5449591567259708,0.5779331308762627,70
ADP,Consumer,0.12922767933053694,0.7290876084587959,0.19024492859298014,-0.02855349243002094,-3.2887262996192255,-0.2529076082332531,1.5906754222782205,5.634123631905302,0.7013394994229906,-0.1269448960052909,-1.066503835619543,-1.4458301960794282,0.11168264090735516,1.759507671457899e-08,0.4830911688314733,0.8989840121859328,0.28619594574021845,0.14822483443341028,True,False,False,False,False,False,0.36766387321346194,0.41348533167625456,70
DHR,Industrials,0.013814235350816814,0.8193938480406668,-0.09240061642857789,-0.23110834108743364,-0.6116339810584221,0.004877025467597097,1.7732842434031086,5.027289737710784,-0.35680027156460703,-1.8698882788912161,-1.203017931791122,0.07216032567706955,0.07618161864057083,4.974604540928852e-07,0.7212413329494809,0.06149933381273227,0.2289693814760747,0.9424743183501388,True,False,False,False,False,False,0.3529741206152417,0.39986005390399226,70
RHI,Consumer,0.010734822163434047,1.1698975253054686,0.4341424359302908,0.27156600905498496,-1.3295087158714862,-0.01006244129117297,0.3687264700569087,6.868369103205684,1.8736910967986313,1.8229027284972588,-0.6846059813927743,-0.23591958379172603,0.7123316166217126,6.494002085225375e-12,0.060973013775436374,0.06831812461399528,0.4935925915929321,0.8134950714606985,True,False,False,False,False,False,0.5594562844848807,0.5913797421309038,70
EFX,Energy & Utilities,0.016162612113301174,1.490966057950549,-0.041252410093213523,-0.4095160628146762,12.416381297347677,-0.3883769472220675,1.2163354275399212,8.565575200320804,-0.1079751202389106,-2.3372846580546356,0.6298401128222418,-0.7508223568496487,0.22385717106194947,1.0753765427355327e-17,0.9140154279791999,0.019424387736682532,0.5287991982365425,0.4527595726559388,True,False,True,False,False,False,0.5305066692449599,0.5645279250967744,70
WMT,Consumer,0.02463568851516738,0.5809493501783262,-0.394413848025527,-0.08108130807403123,0.14416212770801776,-0.07521425592557117,1.3922593318477912,6.030165903331631,-2.794648772002073,-0.6064133966240927,0.13270656463129452,-0.6051215874181873,0.1638438817802258,1.6379144703988115e-09,0.005195612865218275,0.5442402747396045,0.8944254509645524,0.5450982115730916,True,True,False,False,False,False,0.2748313016264837,0.3273797580303617,70
VZ,Industrials,-0.0025916400079784036,0.4991970621996262,-0.5698468639478848,0.32161125821264264,0.6713594669334384,-0.06846332636150974,-0.10137816200125889,6.27746065064866,-3.019511233655951,2.8426646175783916,0.8527208968363691,-1.4068454923718565,0.9192502713487317,3.4414732202079727e-10,0.0025318290358642176,0.004473812073187626,0.3938140996662861,0.15947320949157895,True,True,True,False,False,False,0.22803942446279513,0.28397859660317226,70
T,Industrials,-0.013715737407399302,0.5711902235415202,-0.4930924370087666,0.7186939805564988,-1.0338072007040493,0.1543287986014643,-1.2615362715850749,3.605840049569597,-2.994837453324429,4.470001436584391,-0.9763843277528842,1.3438083960519407,0.20711570031001458,0.00031114475202672747,0.0027459112940404744,7.821907182686316e-06,0.32887404497550954,0.17901035377198937,True,True,True,False,False,False,0.3248480815809669,0.37377213364031714,70
ADBE,Consumer,-0.10630962916025849,1.4082323785779591,-0.6622390838276789,-0.3472232683655682,4.192235932321138,0.11900520268796522,-1.3746789546515557,8.68649837272966,-3.2656608823404745,-1.9251651179224425,1.3307034889248082,0.8829545214045066,0.16923099860630508,3.737822995399873e-18,0.0010920894905031408,0.054208704488752466,0.1832865945891251,0.3772608439645182,True,True,False,False,False,False,0.49698411969509215,0.5334345458041434,70
TRMB,Industrials,-0.01757200311784403,1.3690486165198887,0.6364945800328153,-0.31233656020985984,0.18163853442815217,0.07131934567515823,-1.2293531233173218,9.047930931035106,2.9960613290476337,-2.4270535093918966,1.1812726338611925,1.0691554429856873,0.21893943768114044,1.457028863781781e-19,0.0027349142276885154,0.015222010560739706,0.23749443502991519,0.28499963237945225,True,True,True,False,False,False,0.6639522618954228,0.6883035472653196,70
REGN,Industrials,0.04403248049360191,0.2347010653931614,-0.1441306524849694,-0.34750938702942136,-19.55620176152936,0.2698032157131827,1.022121235251985,0.95752660740025,-0.43296275516075416,-1.497748763842609,-1.3233827433151522,0.9090655377861697,0.3067235237505408,0.33830152323286733,0.665041827903749,0.13419853714712462,0.18570812759426336,0.3633155323288134,False,False,False,False,False,False,0.005384398832484205,0.07745799311998536,70
AES,Energy & Utilities,-0.05642436541240927,0.9758241826512359,0.20301709126056275,0.3072828863959722,0.33332663980995153,-0.563583416979011,-2.026922976689486,4.854094888451232,0.6442759531223076,1.3728524541526603,2.5576815177359107,-2.663023131073326,0.04267029033070528,1.2093782220154018e-06,0.5193965061197945,0.16979822005228662,0.010537254815798551,0.007744209049849354,True,False,False,True,True,True,0.2657499783173053,0.31895650162764544,70
BIIB,Industrials,-0.009106176921170755,-0.025113132513652485,0.4293453848592006,-0.4057915086323653,1.0556876755196816,-0.1017979370707402,-0.3132143828877074,-0.11566489092140975,1.2607599183806224,-1.5587457791535853,0.200937474503283,-1.2398633694087078,0.7541177918463254,0.9079181324296567,0.2073953587441575,0.11905656194291832,0.8407474648485181,0.21502593461032704,False,False,False,False,False,False,-0.02262386075181766,0.05147931756353141,70
BSX,Industrials,-0.07782951799904762,0.8299316627618547,-0.47311434371986,0.10025431178066084,3.239940166816924,-0.06360934416382036,-1.347302189954463,7.464492792687745,-2.596831605042894,1.0178789087534954,2.025054981038147,-1.2053210890508939,0.1778829270934199,8.362109106718675e-14,0.009408803825351511,0.30873550599110944,0.04286171889723794,0.2280793713643563,True,True,False,True,False,False,0.4040355229527769,0.4472213546228655,70
MCHP,Industrials,-0.0005902346681609444,1.4797193407367306,0.31122369696639224,0.35380403811175504,0.06229033756692859,-0.1225767320906188,-0.05091180993372925,9.55187897893716,1.2484593624508737,1.6763684810185548,0.7607600442013297,-1.414547571173217,0.9593957947491333,1.273649805001674e-21,0.21186288144894783,0.09366603873148192,0.4468004036288389,0.15720119016148937,True,False,False,False,False,False,0.5507970583197603,0.5833479961226762,70
ORLY,Consumer,0.08996828495048086,0.9081451476395646,-0.3755907036066815,0.16707884174628165,-1.8012135120561465,-0.0387158135164356,2.194900270881993,4.601469167539741,-1.58394791207411,1.0018521796818645,-2.111901164920095,-0.5250463313465448,0.02817075239717036,4.19521265522681e-06,0.11320557297552272,0.31641499144072427,0.03469492745795186,0.599550983327771,True,False,False,True,False,True,0.375359108686096,0.4206229413900021,70
RCL,Industrials,0.24459546887757527,2.2276443803593513,0.6641287844591094,0.8677452946266156,-1.3223610743243768,-0.506869432162255,1.8738964705099999,6.86295188882863,1.4231446450883511,2.6633664694077264,-0.9359568529959175,-3.078002822956888,0.06094469603774809,6.7451949136247765e-12,0.15469422848869938,0.007736310953484749,0.34929540329272135,0.0020839294097112953,True,False,True,False,True,False,0.5621389342670033,0.5938679970012785,70
IT,Consumer,-0.00652754787201832,1.2716614245864872,0.14820196041306116,0.04606924645293155,-2.1703123006833653,0.3025390958282347,-0.33625419298908976,7.462092992728282,0.5853969338037298,0.25393314422865826,-2.4572617513915564,2.6487042075709732,0.736679189463729,8.51587450570905e-14,0.558280849993791,0.7995472084390465,0.014000063871100143,0.008080101731939515,True,False,False,True,True,False,0.5092044230573067,0.544769319937212,70
PENN,Consumer,0.004469603053187794,1.8042632265586436,1.7810792504482282,-0.5125040526286264,1.3530813606836274,-0.10913346503474321,0.1932046764270037,4.48264627506217,3.4581856051913396,-1.2191517617178231,1.5432915509084832,-1.5457339328770596,0.8467986764793795,7.3723075385003675e-06,0.0005438265879803134,0.22278659682110413,0.12276005270623155,0.12216883859063896,True,True,False,False,False,False,0.3504139501717236,0.39748540305783064,70
DLTR,Consumer,-0.04472411271421494,0.8058640579999657,0.338056682331926,0.18455675939208593,0.7043754977749399,0.031231979544550644,-1.5038820220450788,6.245376706228757,1.156978708371363,0.9202769692840824,1.3047157540244958,0.21145390376371498,0.13261174681838156,4.2277991788646117e-10,0.2472810593688184,0.3574280411097195,0.19198965500856346,0.8325330983786087,True,False,False,False,False,False,0.18720237254186856,0.24610075134318243,70
EL,Industrials,0.0011768747482964468,0.9851629633535265,0.2492419722174128,-0.18993884655894083,1.6142553587669124,-0.25907762246303634,0.14465819991578616,7.1799465566773275,0.8786510208438418,-1.0203271852464204,2.825269391105205,-3.9464651780721667,0.8849807435615826,6.973867451422282e-13,0.3795905229623955,0.3075733144857661,0.0047240879739773225,7.931345060536702e-05,True,False,False,True,True,False,0.31876973880006176,0.36813425048121673,70
TTWO,Consumer,-0.023298397381161084,0.7723954378456696,-0.012104597945468226,-0.45976911216524147,-0.15300311165393332,0.10160182186750175,-0.9151422498836542,4.367556794610653,-0.059683746841246846,-2.5179878344239643,-0.09334883383613435,1.263923173735844,0.3601169572957551,1.2564413032826684e-05,0.952407516798222,0.011802739764248438,0.925626437627811,0.20625760322552156,True,False,True,False,False,False,0.26397169194593006,0.3173070765875293,70
APH,Industrials,-0.009617621832123462,1.2383770637741767,-0.07812310419224519,0.1749485889611777,0.24880126020104054,0.003532280773441035,-0.2290273750067354,15.131744682878166,-0.47508332098665373,1.9358487494943126,0.564239835140109,0.046549917137411446,0.8188476393644561,1.0000842842771745e-51,0.6347275861953146,0.05288622825258916,0.5725909209899044,0.962871949056719,True,False,False,False,False,False,0.722791455422169,0.7428790311162148,70
BBY,Consumer,-0.00016529911746199655,1.4753164923004127,-0.2043792915744312,0.3608755465234367,0.12842878513394004,-0.05254070733135904,-0.006254040955392729,7.453570061207864,-0.7462962752546702,2.8808356314175367,0.231904375889971,-0.8701444964219346,0.9950100298078921,9.084771889367608e-14,0.455488460989274,0.003966224186524671,0.8166122857048939,0.3842214434857727,True,False,True,False,False,False,0.4975492287703084,0.533958704946373,70
CTSH,Consumer,-0.0103869988679452,1.018126596179932,0.13266982939231492,0.05464613854774197,0.3341951103696224,-0.012549227513715658,-0.6035388059256639,8.366529533806984,0.5635286537556294,0.38859333046429645,0.45676012655445125,-0.22795711103053826,0.5461503080575547,5.934005233561982e-17,0.5730749541521796,0.6975770012955662,0.6478434684450165,0.8196795831335509,True,False,False,False,False,False,0.45082732755781785,0.4906224487492803,70
BKNG,Industrials,0.005622858974524038,1.3636810228022487,-0.19298883724596103,0.5097664600729966,4.114748426587413,-0.1496122254096246,0.12590307606621218,9.558754346414402,-0.7576700354099567,3.122940931183555,1.4058317977291226,-1.3303573658159509,0.8998086477060557,1.1918250121493137e-21,0.44864854168567625,0.0017905367926488224,0.15977407745068883,0.18340055459484716,True,False,True,False,False,False,0.5844031848778495,0.614518896118585,70
AKAM,Consumer,-0.09795223870481293,0.7479643273516032,-0.6645038660895924,-0.06043078828975147,5.1757855910386175,0.10544231588164363,-0.9604238494462054,4.882050933988228,-2.4184978943232833,-0.35788264049589474,0.9922873919333537,0.6465376792368608,0.33684193970413645,1.0498812794989478e-06,0.015584735762909908,0.720431142356811,0.3210573519084141,0.5179312034332906,True,True,False,False,False,False,0.23277764125892908,0.2883734643561081,70
ISRG,Industrials,-0.013506503648071495,1.436405995818975,-0.6110895293991788,-0.20347645740713652,1.1406891802773358,0.0004339883892734032,-0.23475742614451142,7.825946512260192,-2.179847961411461,-0.8924229545000109,0.2768337643546612,0.005997683828908155,0.81439701334242,5.038515382389055e-15,0.029268733404949045,0.3721662720555977,0.7819077537652427,0.9952145693627747,True,True,False,False,False,False,0.5072660914114606,0.5429714471062823,70
MDLZ,Industrials,-0.05436831733518628,0.5850861857093931,-0.6368238720359507,0.3577980848871534,0.7001894046306317,-0.00019426178344013594,-1.779718272307871,4.7143276630110025,-3.2678145433041825,3.434032398567914,1.5120767046144572,-0.0038531841677346035,0.07512207855990612,2.4251015348110194e-06,0.0010838135934453364,0.0005946731132747725,0.13051435032883954,0.9969256114502253,True,True,True,False,False,False,0.3028266391683734,0.3533464479242884,70
AAP,Consumer,0.015104946395701313,1.007936576703021,0.2638326776894584,0.7616102923473774,-0.1487843014447757,-0.14535966787080645,0.2831129488982706,5.223136675742846,0.601449967615379,2.2903548929749205,-0.23447373587787435,-2.0384082803645835,0.7770902557207676,1.7591744547930998e-07,0.5475403262950371,0.02200075210197426,0.8146172206569362,0.04150911888987746,True,False,True,False,True,False,0.30233483701164765,0.3528902836050065,70
KMX,Consumer,0.03544134588151966,1.4659223531308372,0.8650289114517181,-0.09385488755281884,-0.8598702736960786,-0.02868331846306794,0.9023076445645865,6.237365564913824,3.1447352985916983,-0.4145057676164971,-1.082542127034874,-0.34138844478149016,0.36689346580514726,4.4500124231779017e-10,0.0016623716780517805,0.6785037439757868,0.27901170700436495,0.732811172909509,True,True,False,False,False,False,0.5046939815603317,0.5405857220269744,70
WYNN,Consumer,0.015501780660543179,1.743983483307297,0.4381392678331796,0.48993956224952734,-0.6732473222535769,-0.026428329648995583,0.09122668420412466,5.896823080551087,1.336036457388817,1.9628350914713524,-0.13815043931583817,-0.24270124889375347,0.9273124724252103,3.7056680744168603e-09,0.1815373573234711,0.04966533886714982,0.8901215231064447,0.80823683989913,True,False,True,False,False,False,0.4583929494078116,0.4976398371318832,70
CF,Industrials,-0.010131628215993416,0.8914639210127591,0.5680339299323977,0.753090776334778,0.11571455448308916,-0.10663047984344025,-0.0472563644999841,3.7099022324283957,2.358150416145101,4.55765739227742,0.19747046749859418,-0.465729223787199,0.9623089052868294,0.00020733930029339563,0.01836624935448317,5.172732502874812e-06,0.8434593899234237,0.6414093315110154,True,True,True,False,False,False,0.37920962090062804,0.42419443098029264,70
UAL,Industrials,0.05765073553393013,1.2972587537159752,0.9112303851570542,0.7562530945028624,0.313505803611862,-0.3346415295026167,1.5728563231833605,6.614651768882684,2.0026999626779194,2.690639378260979,1.1013838065728607,-1.6486620129160363,0.11575209045881167,3.7242739440249326e-11,0.04520950281164561,0.007131523818996799,0.2707296501898365,0.09921689657914011,True,True,True,False,False,False,0.4055479009861447,0.44862414004511975,70
ROST,Consumer,0.012573927927342828,1.0420273198289127,-0.021761551977076715,0.13035952913494683,0.05749386725324607,-0.032107574637149056,0.29476742852864535,6.868222072652004,-0.09136097750759682,0.7841247539388564,0.031459690130525055,-1.045389487464914,0.7681715497296768,6.500697164350804e-12,0.9272057674692691,0.43296691179804214,0.9749029388363455,0.29584299337957987,True,False,False,False,False,False,0.3887902666638584,0.4330808270505353,70
PM,Industrials,-0.11591655523809521,0.5489479495681664,-0.20956296779802014,0.6559720211933556,0.2981548428629174,0.23477530116698925,-0.7546890890340567,3.708033729654702,-1.194337263137808,4.428259657705806,0.7213599067407523,0.6684707448328391,0.4504355547547412,0.00020887483934676354,0.23234606690844228,9.499649648404272e-06,0.4706881075871048,0.5038331502346018,True,False,True,False,False,False,0.3642852663847228,0.4103515514293081,70
FTNT,Industrials,0.019463105980997212,1.0523208170882143,0.19931120833072094,-0.3861153977765866,-0.7938507808224053,0.038012276149506585,1.0457998109657585,5.433456947521431,0.5631263461962851,-1.70310052600498,-0.5739548206770269,0.38109705632522356,0.2956534684751261,5.5272624079229444e-08,0.5733488523716885,0.08854925753184584,0.565998374453377,0.7031312316138218,True,False,False,False,False,False,0.2234168344141363,0.27969097684789457,70
